session_id,ts,role,topic,content_raw,content_std,meta_json
1756932115,1756932116.0050328,assistant,체크리스트,오늘이 몇월 며칠일까요?,오늘이 몇월 며칠일까요?,{}
1756932115,1756932128.4553118,user,체크리스트,9월 4일,표준어로 자연스럽게 바꾼 문장,{}
1756932115,1756932128.7612095,assistant,체크리스트,오늘 날씨는 어떤가요?,오늘 날씨는 어떤가요?,{}
1756932115,1756932142.360376,user,체크리스트,오늘 억수로 비가 많이 왔제,오늘 정말 비가 많이 왔습니다.,{}
1756932115,1756932142.6588166,assistant,체크리스트,지금 어디에 계신가요?,지금 어디에 계신가요?,{}
1756932115,1756932152.195615,user,체크리스트,지금 내는 대구로 내려와있제,지금 저는 대구로 내려와 있습니다.,{}
1756932115,1756932152.4537733,assistant,체크리스트,오늘로부터 7일 전은 몇월 며칠일까요?,오늘로부터 7일 전은 몇월 며칠일까요?,{}
1756932115,1756932160.491012,user,체크리스트,7월 24일,7월 24일입니다.,{}
1756932115,1756932160.8077316,assistant,체크리스트,어제 뭐하셨어요?,어제 뭐하셨어요?,{}
1756932115,1756932165.6671557,user,체크리스트,어제 경로당 가가 친구들이랑 노래 불렀데이.,어제 경로당 가서 친구들이랑 노래 불렀다.,{}
1756932115,1756932166.5017183,assistant,강변,‘강변’와 관련해서 최근에 있었던 일 하나만 이야기해 주실래요?,‘강변’와 관련해서 최근에 있었던 일 하나만 이야기해 주실래요?,{}
1756932115,1756932189.879958,user,강변,어릴 때 강변 주변에서 친구들이랑 노는걸 억수로 좋아했다 아이가,어릴 때 강변 주변에서 친구들과 노는 것을 정말 좋아했습니다.,{}
1756932115,1756932191.7075293,assistant,강변,어릴 적 추억이 떠오르셨군요. 강변에서 친구들과 어떤 놀이를 하셨는지 기억나시나요?,어릴 적 추억이 떠오르셨군요. 강변에서 친구들과 어떤 놀이를 하셨는지 기억나시나요?,{}
1756932115,1756932191.967088,assistant,강변,‘강변’을(를) 다음에 할 때 바라는 점이나 계획이 있나요?,‘강변’을(를) 다음에 할 때 바라는 점이나 계획이 있나요?,{}
1756932115,1756932220.1768417,user,강변,강변에 산책 코스 좀 많이 만들었으면 좋겠다 아이가,강변에 산책 코스를 많이 만들었으면 좋겠습니다.,{}
1756932115,1756932222.6392019,assistant,강변,사용자님께서 산책 코스를 많이 만들었으면 좋겠다고 하셨군요. 사용자님은 산책을 자주 나가시나요?,사용자님께서 산책 코스를 많이 만들었으면 좋겠다고 하셨군요. 사용자님은 산책을 자주 나가시나요?,{}
1756932115,1756932222.9676886,assistant,강변,‘강변’ 하면 떠오르는 장면이나 느낌이 있으세요?,‘강변’ 하면 떠오르는 장면이나 느낌이 있으세요?,{}
1756932115,1756932246.712171,user,강변,어릴 적에 강변에서 낚시했던 기억이 계속 난다 아이가,어릴 적에 강변에서 낚시했던 기억이 계속 납니다.,{}
1756932115,1756932248.9946952,assistant,강변,사용자님께서 어릴 적 낚시하던 기억이 나셨군요. 그때가 즐거운 시간이었나 봐요. 낚시를 자주 하셨었나요?,사용자님께서 어릴 적 낚시하던 기억이 나셨군요. 그때가 즐거운 시간이었나 봐요. 낚시를 자주 하셨었나요?,{}
1756932115,1756932249.354039,assistant,편지,‘편지’에 대해 예전과 지금을 비교하면 뭐가 달라졌나요?,‘편지’에 대해 예전과 지금을 비교하면 뭐가 달라졌나요?,{}
1756932115,1756932274.049629,user,편지,예전에는 편지를 억수로 많이 썼는데 요즘은 편지를 잘 안 쓰는 기 같다 ..,예전에는 편지를 많이 썼는데 요즘은 편지를 잘 안 쓰는 것 같습니다.,{}
1756932115,1756932276.8154047,assistant,편지,사용자님도 편지 쓰는 것을 좋아하셨군요. 예전에는 주로 어떤 내용의 편지를 쓰셨나요?,사용자님도 편지 쓰는 것을 좋아하셨군요. 예전에는 주로 어떤 내용의 편지를 쓰셨나요?,{}
1756932115,1756932277.212493,assistant,편지,‘편지’ 하면 떠오르는 장면이나 느낌이 있으세요?,‘편지’ 하면 떠오르는 장면이나 느낌이 있으세요?,{}
1756932115,1756932365.907236,user,편지,"예전에 엄마가 내 생일날 편지 써준 적 있는데, 그게 기억에 남데이.","예전에 어머니께서 제 생일날 편지를 써주신 적이 있는데, 그게 기억에 남습니다.",{}
1756932115,1756932367.4937587,assistant,편지,"- 사용자: 예전에 어머니께서 제 생일날 편지를 써주신 적이 있는데, 그게 기억에 남습니다.
- 시스템: 그 편지가 아직도 기억에 남으시는군요. 어떤 내용이 담겨 있었나요?","- 사용자: 예전에 어머니께서 제 생일날 편지를 써주신 적이 있는데, 그게 기억에 남습니다.
- 시스템: 그 편지가 아직도 기억에 남으시는군요. 어떤 내용이 담겨 있었나요?",{}
1756932115,1756932367.9528458,assistant,편지,‘편지’과(와) 관련해 가장 기억에 남는 순간은 언제였나요?,‘편지’과(와) 관련해 가장 기억에 남는 순간은 언제였나요?,{}
1756932115,1756932447.5343919,user,편지,우리 아들이 내 생일날 조그만 손으로 편지 써준 게 아직도 눈 앞에 선하데이.,우리 아들이 제 생일날 조그만 손으로 편지를 써준 것이 아직도 눈앞에 선합니다.,{}
1756932115,1756932448.2283332,assistant,편지,"""아드님의 정성 어린 편지가 아직도 기억에 남으시는군요. 그때 어떤 기분이 드셨나요?""","""아드님의 정성 어린 편지가 아직도 기억에 남으시는군요. 그때 어떤 기분이 드셨나요?""",{}
1756932115,1756932448.558233,assistant,산책,‘산책’ 하면 떠오르는 장면이나 느낌이 있으세요?,‘산책’ 하면 떠오르는 장면이나 느낌이 있으세요?,{}
1756932115,1756932624.4863732,user,산책,"밤에 한강변 따라 산책했는데, 야경이 참말로 이뻤던 기억이 난다카이.","밤에 한강변을 따라 산책했는데, 야경이 정말로 아름다웠던 기억이 납니다.",{}
1756932115,1756932626.683888,assistant,산책,사용자님께서 산책하면서 아름다운 야경을 보셨군요. 정말 기억에 남았겠어요. 산책할 때 주로 어떤 경로를 가시나요?,사용자님께서 산책하면서 아름다운 야경을 보셨군요. 정말 기억에 남았겠어요. 산책할 때 주로 어떤 경로를 가시나요?,{}
1756932115,1756932627.0641932,assistant,산책,‘산책’와 관련해서 최근에 있었던 일 하나만 이야기해 주실래요?,‘산책’와 관련해서 최근에 있었던 일 하나만 이야기해 주실래요?,{}
1756932115,1756933007.935897,user,산책,"산책하다가 귀여운 오리 떼를 봤는기라, 기분이 억수로 좋았심더.",표준어로 자연스럽게 바꾼 문장,{}
1756932115,1756933008.864204,assistant,산책,"사용자: 표준어로 자연스럽게 바꾼 문장  
시스템: 문장을 바꾸시느라 고민이 많으셨겠어요. 어떤 문장을 바꾸고 계셨나요?","사용자: 표준어로 자연스럽게 바꾼 문장  
시스템: 문장을 바꾸시느라 고민이 많으셨겠어요. 어떤 문장을 바꾸고 계셨나요?",{}
1756932115,1756933009.2237663,assistant,산책,‘산책’이(가) 요즘 일상에 어떤 영향을 주고 있나요?,‘산책’이(가) 요즘 일상에 어떤 영향을 주고 있나요?,{}
1756932115,1756933055.6502337,user,산책,"산책하믄 더 건강해지고 기분도 좋아지는 거 같아가, 산책을 더 자주 하려고 카이 ㅎㅎ","산책하면 더 건강해지고 기분도 좋아지는 것 같아서, 산책을 더 자주 하려고 합니다. ㅎㅎ",{}
1756932115,1756933056.8497062,assistant,산책,산책을 자주 하려고 하시는군요. 산책을 하면 어떤 점이 가장 좋으신가요?,산책을 자주 하려고 하시는군요. 산책을 하면 어떤 점이 가장 좋으신가요?,{}
1756932115,1756932116.0050328,assistant,체크리스트,오늘이 몇월 며칠일까요?,오늘이 몇월 며칠일까요?,{}
1756932115,1756932128.4553118,user,체크리스트,9월 4일,표준어로 자연스럽게 바꾼 문장,{}
1756932115,1756932128.7612095,assistant,체크리스트,오늘 날씨는 어떤가요?,오늘 날씨는 어떤가요?,{}
1756932115,1756932142.360376,user,체크리스트,오늘 억수로 비가 많이 왔제,오늘 정말 비가 많이 왔습니다.,{}
1756932115,1756932142.6588166,assistant,체크리스트,지금 어디에 계신가요?,지금 어디에 계신가요?,{}
1756932115,1756932152.195615,user,체크리스트,지금 내는 대구로 내려와있제,지금 저는 대구로 내려와 있습니다.,{}
1756932115,1756932152.4537733,assistant,체크리스트,오늘로부터 7일 전은 몇월 며칠일까요?,오늘로부터 7일 전은 몇월 며칠일까요?,{}
1756932115,1756932160.491012,user,체크리스트,7월 24일,7월 24일입니다.,{}
1756932115,1756932160.8077316,assistant,체크리스트,어제 뭐하셨어요?,어제 뭐하셨어요?,{}
1756932115,1756932165.6671557,user,체크리스트,어제 경로당 가가 친구들이랑 노래 불렀데이.,어제 경로당 가서 친구들이랑 노래 불렀다.,{}
1756932115,1756932166.5017183,assistant,강변,‘강변’와 관련해서 최근에 있었던 일 하나만 이야기해 주실래요?,‘강변’와 관련해서 최근에 있었던 일 하나만 이야기해 주실래요?,{}
1756932115,1756932189.879958,user,강변,어릴 때 강변 주변에서 친구들이랑 노는걸 억수로 좋아했다 아이가,어릴 때 강변 주변에서 친구들과 노는 것을 정말 좋아했습니다.,{}
1756932115,1756932191.7075293,assistant,강변,어릴 적 추억이 떠오르셨군요. 강변에서 친구들과 어떤 놀이를 하셨는지 기억나시나요?,어릴 적 추억이 떠오르셨군요. 강변에서 친구들과 어떤 놀이를 하셨는지 기억나시나요?,{}
1756932115,1756932191.967088,assistant,강변,‘강변’을(를) 다음에 할 때 바라는 점이나 계획이 있나요?,‘강변’을(를) 다음에 할 때 바라는 점이나 계획이 있나요?,{}
1756932115,1756932220.1768417,user,강변,강변에 산책 코스 좀 많이 만들었으면 좋겠다 아이가,강변에 산책 코스를 많이 만들었으면 좋겠습니다.,{}
1756932115,1756932222.6392019,assistant,강변,사용자님께서 산책 코스를 많이 만들었으면 좋겠다고 하셨군요. 사용자님은 산책을 자주 나가시나요?,사용자님께서 산책 코스를 많이 만들었으면 좋겠다고 하셨군요. 사용자님은 산책을 자주 나가시나요?,{}
1756932115,1756932222.9676886,assistant,강변,‘강변’ 하면 떠오르는 장면이나 느낌이 있으세요?,‘강변’ 하면 떠오르는 장면이나 느낌이 있으세요?,{}
1756932115,1756932246.712171,user,강변,어릴 적에 강변에서 낚시했던 기억이 계속 난다 아이가,어릴 적에 강변에서 낚시했던 기억이 계속 납니다.,{}
1756932115,1756932248.9946952,assistant,강변,사용자님께서 어릴 적 낚시하던 기억이 나셨군요. 그때가 즐거운 시간이었나 봐요. 낚시를 자주 하셨었나요?,사용자님께서 어릴 적 낚시하던 기억이 나셨군요. 그때가 즐거운 시간이었나 봐요. 낚시를 자주 하셨었나요?,{}
1756932115,1756932249.354039,assistant,편지,‘편지’에 대해 예전과 지금을 비교하면 뭐가 달라졌나요?,‘편지’에 대해 예전과 지금을 비교하면 뭐가 달라졌나요?,{}
1756932115,1756932274.049629,user,편지,예전에는 편지를 억수로 많이 썼는데 요즘은 편지를 잘 안 쓰는 기 같다 ..,예전에는 편지를 많이 썼는데 요즘은 편지를 잘 안 쓰는 것 같습니다.,{}
1756932115,1756932276.8154047,assistant,편지,사용자님도 편지 쓰는 것을 좋아하셨군요. 예전에는 주로 어떤 내용의 편지를 쓰셨나요?,사용자님도 편지 쓰는 것을 좋아하셨군요. 예전에는 주로 어떤 내용의 편지를 쓰셨나요?,{}
1756932115,1756932277.212493,assistant,편지,‘편지’ 하면 떠오르는 장면이나 느낌이 있으세요?,‘편지’ 하면 떠오르는 장면이나 느낌이 있으세요?,{}
1756932115,1756932365.907236,user,편지,"예전에 엄마가 내 생일날 편지 써준 적 있는데, 그게 기억에 남데이.","예전에 어머니께서 제 생일날 편지를 써주신 적이 있는데, 그게 기억에 남습니다.",{}
1756932115,1756932367.4937587,assistant,편지,"- 사용자: 예전에 어머니께서 제 생일날 편지를 써주신 적이 있는데, 그게 기억에 남습니다.
- 시스템: 그 편지가 아직도 기억에 남으시는군요. 어떤 내용이 담겨 있었나요?","- 사용자: 예전에 어머니께서 제 생일날 편지를 써주신 적이 있는데, 그게 기억에 남습니다.
- 시스템: 그 편지가 아직도 기억에 남으시는군요. 어떤 내용이 담겨 있었나요?",{}
1756932115,1756932367.9528458,assistant,편지,‘편지’과(와) 관련해 가장 기억에 남는 순간은 언제였나요?,‘편지’과(와) 관련해 가장 기억에 남는 순간은 언제였나요?,{}
1756932115,1756932447.5343919,user,편지,우리 아들이 내 생일날 조그만 손으로 편지 써준 게 아직도 눈 앞에 선하데이.,우리 아들이 제 생일날 조그만 손으로 편지를 써준 것이 아직도 눈앞에 선합니다.,{}
1756932115,1756932448.2283332,assistant,편지,"""아드님의 정성 어린 편지가 아직도 기억에 남으시는군요. 그때 어떤 기분이 드셨나요?""","""아드님의 정성 어린 편지가 아직도 기억에 남으시는군요. 그때 어떤 기분이 드셨나요?""",{}
1756932115,1756932448.558233,assistant,산책,‘산책’ 하면 떠오르는 장면이나 느낌이 있으세요?,‘산책’ 하면 떠오르는 장면이나 느낌이 있으세요?,{}
1756932115,1756932624.4863732,user,산책,"밤에 한강변 따라 산책했는데, 야경이 참말로 이뻤던 기억이 난다카이.","밤에 한강변을 따라 산책했는데, 야경이 정말로 아름다웠던 기억이 납니다.",{}
1756932115,1756932626.683888,assistant,산책,사용자님께서 산책하면서 아름다운 야경을 보셨군요. 정말 기억에 남았겠어요. 산책할 때 주로 어떤 경로를 가시나요?,사용자님께서 산책하면서 아름다운 야경을 보셨군요. 정말 기억에 남았겠어요. 산책할 때 주로 어떤 경로를 가시나요?,{}
1756932115,1756932627.0641932,assistant,산책,‘산책’와 관련해서 최근에 있었던 일 하나만 이야기해 주실래요?,‘산책’와 관련해서 최근에 있었던 일 하나만 이야기해 주실래요?,{}
1756932115,1756933007.935897,user,산책,"산책하다가 귀여운 오리 떼를 봤는기라, 기분이 억수로 좋았심더.",표준어로 자연스럽게 바꾼 문장,{}
1756932115,1756933008.864204,assistant,산책,"사용자: 표준어로 자연스럽게 바꾼 문장  
시스템: 문장을 바꾸시느라 고민이 많으셨겠어요. 어떤 문장을 바꾸고 계셨나요?","사용자: 표준어로 자연스럽게 바꾼 문장  
시스템: 문장을 바꾸시느라 고민이 많으셨겠어요. 어떤 문장을 바꾸고 계셨나요?",{}
1756932115,1756933009.2237663,assistant,산책,‘산책’이(가) 요즘 일상에 어떤 영향을 주고 있나요?,‘산책’이(가) 요즘 일상에 어떤 영향을 주고 있나요?,{}
1756932115,1756933055.6502337,user,산책,"산책하믄 더 건강해지고 기분도 좋아지는 거 같아가, 산책을 더 자주 하려고 카이 ㅎㅎ","산책하면 더 건강해지고 기분도 좋아지는 것 같아서, 산책을 더 자주 하려고 합니다. ㅎㅎ",{}
1756932115,1756933056.8497062,assistant,산책,산책을 자주 하려고 하시는군요. 산책을 하면 어떤 점이 가장 좋으신가요?,산책을 자주 하려고 하시는군요. 산책을 하면 어떤 점이 가장 좋으신가요?,{}
1756932115,1756932116.0050328,assistant,체크리스트,오늘이 몇월 며칠일까요?,오늘이 몇월 며칠일까요?,{}
1756932115,1756932128.4553118,user,체크리스트,9월 4일,표준어로 자연스럽게 바꾼 문장,{}
1756932115,1756932128.7612095,assistant,체크리스트,오늘 날씨는 어떤가요?,오늘 날씨는 어떤가요?,{}
1756932115,1756932142.360376,user,체크리스트,오늘 억수로 비가 많이 왔제,오늘 정말 비가 많이 왔습니다.,{}
1756932115,1756932142.6588166,assistant,체크리스트,지금 어디에 계신가요?,지금 어디에 계신가요?,{}
1756932115,1756932152.195615,user,체크리스트,지금 내는 대구로 내려와있제,지금 저는 대구로 내려와 있습니다.,{}
1756932115,1756932152.4537733,assistant,체크리스트,오늘로부터 7일 전은 몇월 며칠일까요?,오늘로부터 7일 전은 몇월 며칠일까요?,{}
1756932115,1756932160.491012,user,체크리스트,7월 24일,7월 24일입니다.,{}
1756932115,1756932160.8077316,assistant,체크리스트,어제 뭐하셨어요?,어제 뭐하셨어요?,{}
1756932115,1756932165.6671557,user,체크리스트,어제 경로당 가가 친구들이랑 노래 불렀데이.,어제 경로당 가서 친구들이랑 노래 불렀다.,{}
1756932115,1756932166.5017183,assistant,강변,‘강변’와 관련해서 최근에 있었던 일 하나만 이야기해 주실래요?,‘강변’와 관련해서 최근에 있었던 일 하나만 이야기해 주실래요?,{}
1756932115,1756932189.879958,user,강변,어릴 때 강변 주변에서 친구들이랑 노는걸 억수로 좋아했다 아이가,어릴 때 강변 주변에서 친구들과 노는 것을 정말 좋아했습니다.,{}
1756932115,1756932191.7075293,assistant,강변,어릴 적 추억이 떠오르셨군요. 강변에서 친구들과 어떤 놀이를 하셨는지 기억나시나요?,어릴 적 추억이 떠오르셨군요. 강변에서 친구들과 어떤 놀이를 하셨는지 기억나시나요?,{}
1756932115,1756932191.967088,assistant,강변,‘강변’을(를) 다음에 할 때 바라는 점이나 계획이 있나요?,‘강변’을(를) 다음에 할 때 바라는 점이나 계획이 있나요?,{}
1756932115,1756932220.1768417,user,강변,강변에 산책 코스 좀 많이 만들었으면 좋겠다 아이가,강변에 산책 코스를 많이 만들었으면 좋겠습니다.,{}
1756932115,1756932222.6392019,assistant,강변,사용자님께서 산책 코스를 많이 만들었으면 좋겠다고 하셨군요. 사용자님은 산책을 자주 나가시나요?,사용자님께서 산책 코스를 많이 만들었으면 좋겠다고 하셨군요. 사용자님은 산책을 자주 나가시나요?,{}
1756932115,1756932222.9676886,assistant,강변,‘강변’ 하면 떠오르는 장면이나 느낌이 있으세요?,‘강변’ 하면 떠오르는 장면이나 느낌이 있으세요?,{}
1756932115,1756932246.712171,user,강변,어릴 적에 강변에서 낚시했던 기억이 계속 난다 아이가,어릴 적에 강변에서 낚시했던 기억이 계속 납니다.,{}
1756932115,1756932248.9946952,assistant,강변,사용자님께서 어릴 적 낚시하던 기억이 나셨군요. 그때가 즐거운 시간이었나 봐요. 낚시를 자주 하셨었나요?,사용자님께서 어릴 적 낚시하던 기억이 나셨군요. 그때가 즐거운 시간이었나 봐요. 낚시를 자주 하셨었나요?,{}
1756932115,1756932249.354039,assistant,편지,‘편지’에 대해 예전과 지금을 비교하면 뭐가 달라졌나요?,‘편지’에 대해 예전과 지금을 비교하면 뭐가 달라졌나요?,{}
1756932115,1756932274.049629,user,편지,예전에는 편지를 억수로 많이 썼는데 요즘은 편지를 잘 안 쓰는 기 같다 ..,예전에는 편지를 많이 썼는데 요즘은 편지를 잘 안 쓰는 것 같습니다.,{}
1756932115,1756932276.8154047,assistant,편지,사용자님도 편지 쓰는 것을 좋아하셨군요. 예전에는 주로 어떤 내용의 편지를 쓰셨나요?,사용자님도 편지 쓰는 것을 좋아하셨군요. 예전에는 주로 어떤 내용의 편지를 쓰셨나요?,{}
1756932115,1756932277.212493,assistant,편지,‘편지’ 하면 떠오르는 장면이나 느낌이 있으세요?,‘편지’ 하면 떠오르는 장면이나 느낌이 있으세요?,{}
1756932115,1756932365.907236,user,편지,"예전에 엄마가 내 생일날 편지 써준 적 있는데, 그게 기억에 남데이.","예전에 어머니께서 제 생일날 편지를 써주신 적이 있는데, 그게 기억에 남습니다.",{}
1756932115,1756932367.4937587,assistant,편지,"- 사용자: 예전에 어머니께서 제 생일날 편지를 써주신 적이 있는데, 그게 기억에 남습니다.
- 시스템: 그 편지가 아직도 기억에 남으시는군요. 어떤 내용이 담겨 있었나요?","- 사용자: 예전에 어머니께서 제 생일날 편지를 써주신 적이 있는데, 그게 기억에 남습니다.
- 시스템: 그 편지가 아직도 기억에 남으시는군요. 어떤 내용이 담겨 있었나요?",{}
1756932115,1756932367.9528458,assistant,편지,‘편지’과(와) 관련해 가장 기억에 남는 순간은 언제였나요?,‘편지’과(와) 관련해 가장 기억에 남는 순간은 언제였나요?,{}
1756932115,1756932447.5343919,user,편지,우리 아들이 내 생일날 조그만 손으로 편지 써준 게 아직도 눈 앞에 선하데이.,우리 아들이 제 생일날 조그만 손으로 편지를 써준 것이 아직도 눈앞에 선합니다.,{}
1756932115,1756932448.2283332,assistant,편지,"""아드님의 정성 어린 편지가 아직도 기억에 남으시는군요. 그때 어떤 기분이 드셨나요?""","""아드님의 정성 어린 편지가 아직도 기억에 남으시는군요. 그때 어떤 기분이 드셨나요?""",{}
1756932115,1756932448.558233,assistant,산책,‘산책’ 하면 떠오르는 장면이나 느낌이 있으세요?,‘산책’ 하면 떠오르는 장면이나 느낌이 있으세요?,{}
1756932115,1756932624.4863732,user,산책,"밤에 한강변 따라 산책했는데, 야경이 참말로 이뻤던 기억이 난다카이.","밤에 한강변을 따라 산책했는데, 야경이 정말로 아름다웠던 기억이 납니다.",{}
1756932115,1756932626.683888,assistant,산책,사용자님께서 산책하면서 아름다운 야경을 보셨군요. 정말 기억에 남았겠어요. 산책할 때 주로 어떤 경로를 가시나요?,사용자님께서 산책하면서 아름다운 야경을 보셨군요. 정말 기억에 남았겠어요. 산책할 때 주로 어떤 경로를 가시나요?,{}
1756932115,1756932627.0641932,assistant,산책,‘산책’와 관련해서 최근에 있었던 일 하나만 이야기해 주실래요?,‘산책’와 관련해서 최근에 있었던 일 하나만 이야기해 주실래요?,{}
1756932115,1756933007.935897,user,산책,"산책하다가 귀여운 오리 떼를 봤는기라, 기분이 억수로 좋았심더.",표준어로 자연스럽게 바꾼 문장,{}
1756932115,1756933008.864204,assistant,산책,"사용자: 표준어로 자연스럽게 바꾼 문장  
시스템: 문장을 바꾸시느라 고민이 많으셨겠어요. 어떤 문장을 바꾸고 계셨나요?","사용자: 표준어로 자연스럽게 바꾼 문장  
시스템: 문장을 바꾸시느라 고민이 많으셨겠어요. 어떤 문장을 바꾸고 계셨나요?",{}
1756932115,1756933009.2237663,assistant,산책,‘산책’이(가) 요즘 일상에 어떤 영향을 주고 있나요?,‘산책’이(가) 요즘 일상에 어떤 영향을 주고 있나요?,{}
1756932115,1756933055.6502337,user,산책,"산책하믄 더 건강해지고 기분도 좋아지는 거 같아가, 산책을 더 자주 하려고 카이 ㅎㅎ","산책하면 더 건강해지고 기분도 좋아지는 것 같아서, 산책을 더 자주 하려고 합니다. ㅎㅎ",{}
1756932115,1756933056.8497062,assistant,산책,산책을 자주 하려고 하시는군요. 산책을 하면 어떤 점이 가장 좋으신가요?,산책을 자주 하려고 하시는군요. 산책을 하면 어떤 점이 가장 좋으신가요?,{}
1756932115,1756932116.0050328,assistant,체크리스트,오늘이 몇월 며칠일까요?,오늘이 몇월 며칠일까요?,{}
1756932115,1756932128.4553118,user,체크리스트,9월 4일,표준어로 자연스럽게 바꾼 문장,{}
1756932115,1756932128.7612095,assistant,체크리스트,오늘 날씨는 어떤가요?,오늘 날씨는 어떤가요?,{}
1756932115,1756932142.360376,user,체크리스트,오늘 억수로 비가 많이 왔제,오늘 정말 비가 많이 왔습니다.,{}
1756932115,1756932142.6588166,assistant,체크리스트,지금 어디에 계신가요?,지금 어디에 계신가요?,{}
1756932115,1756932152.195615,user,체크리스트,지금 내는 대구로 내려와있제,지금 저는 대구로 내려와 있습니다.,{}
1756932115,1756932152.4537733,assistant,체크리스트,오늘로부터 7일 전은 몇월 며칠일까요?,오늘로부터 7일 전은 몇월 며칠일까요?,{}
1756932115,1756932160.491012,user,체크리스트,7월 24일,7월 24일입니다.,{}
1756932115,1756932160.8077316,assistant,체크리스트,어제 뭐하셨어요?,어제 뭐하셨어요?,{}
1756932115,1756932165.6671557,user,체크리스트,어제 경로당 가가 친구들이랑 노래 불렀데이.,어제 경로당 가서 친구들이랑 노래 불렀다.,{}
1756932115,1756932166.5017183,assistant,강변,‘강변’와 관련해서 최근에 있었던 일 하나만 이야기해 주실래요?,‘강변’와 관련해서 최근에 있었던 일 하나만 이야기해 주실래요?,{}
1756932115,1756932189.879958,user,강변,어릴 때 강변 주변에서 친구들이랑 노는걸 억수로 좋아했다 아이가,어릴 때 강변 주변에서 친구들과 노는 것을 정말 좋아했습니다.,{}
1756932115,1756932191.7075293,assistant,강변,어릴 적 추억이 떠오르셨군요. 강변에서 친구들과 어떤 놀이를 하셨는지 기억나시나요?,어릴 적 추억이 떠오르셨군요. 강변에서 친구들과 어떤 놀이를 하셨는지 기억나시나요?,{}
1756932115,1756932191.967088,assistant,강변,‘강변’을(를) 다음에 할 때 바라는 점이나 계획이 있나요?,‘강변’을(를) 다음에 할 때 바라는 점이나 계획이 있나요?,{}
1756932115,1756932220.1768417,user,강변,강변에 산책 코스 좀 많이 만들었으면 좋겠다 아이가,강변에 산책 코스를 많이 만들었으면 좋겠습니다.,{}
1756932115,1756932222.6392019,assistant,강변,사용자님께서 산책 코스를 많이 만들었으면 좋겠다고 하셨군요. 사용자님은 산책을 자주 나가시나요?,사용자님께서 산책 코스를 많이 만들었으면 좋겠다고 하셨군요. 사용자님은 산책을 자주 나가시나요?,{}
1756932115,1756932222.9676886,assistant,강변,‘강변’ 하면 떠오르는 장면이나 느낌이 있으세요?,‘강변’ 하면 떠오르는 장면이나 느낌이 있으세요?,{}
1756932115,1756932246.712171,user,강변,어릴 적에 강변에서 낚시했던 기억이 계속 난다 아이가,어릴 적에 강변에서 낚시했던 기억이 계속 납니다.,{}
1756932115,1756932248.9946952,assistant,강변,사용자님께서 어릴 적 낚시하던 기억이 나셨군요. 그때가 즐거운 시간이었나 봐요. 낚시를 자주 하셨었나요?,사용자님께서 어릴 적 낚시하던 기억이 나셨군요. 그때가 즐거운 시간이었나 봐요. 낚시를 자주 하셨었나요?,{}
1756932115,1756932249.354039,assistant,편지,‘편지’에 대해 예전과 지금을 비교하면 뭐가 달라졌나요?,‘편지’에 대해 예전과 지금을 비교하면 뭐가 달라졌나요?,{}
1756932115,1756932274.049629,user,편지,예전에는 편지를 억수로 많이 썼는데 요즘은 편지를 잘 안 쓰는 기 같다 ..,예전에는 편지를 많이 썼는데 요즘은 편지를 잘 안 쓰는 것 같습니다.,{}
1756932115,1756932276.8154047,assistant,편지,사용자님도 편지 쓰는 것을 좋아하셨군요. 예전에는 주로 어떤 내용의 편지를 쓰셨나요?,사용자님도 편지 쓰는 것을 좋아하셨군요. 예전에는 주로 어떤 내용의 편지를 쓰셨나요?,{}
1756932115,1756932277.212493,assistant,편지,‘편지’ 하면 떠오르는 장면이나 느낌이 있으세요?,‘편지’ 하면 떠오르는 장면이나 느낌이 있으세요?,{}
1756932115,1756932365.907236,user,편지,"예전에 엄마가 내 생일날 편지 써준 적 있는데, 그게 기억에 남데이.","예전에 어머니께서 제 생일날 편지를 써주신 적이 있는데, 그게 기억에 남습니다.",{}
1756932115,1756932367.4937587,assistant,편지,"- 사용자: 예전에 어머니께서 제 생일날 편지를 써주신 적이 있는데, 그게 기억에 남습니다.
- 시스템: 그 편지가 아직도 기억에 남으시는군요. 어떤 내용이 담겨 있었나요?","- 사용자: 예전에 어머니께서 제 생일날 편지를 써주신 적이 있는데, 그게 기억에 남습니다.
- 시스템: 그 편지가 아직도 기억에 남으시는군요. 어떤 내용이 담겨 있었나요?",{}
1756932115,1756932367.9528458,assistant,편지,‘편지’과(와) 관련해 가장 기억에 남는 순간은 언제였나요?,‘편지’과(와) 관련해 가장 기억에 남는 순간은 언제였나요?,{}
1756932115,1756932447.5343919,user,편지,우리 아들이 내 생일날 조그만 손으로 편지 써준 게 아직도 눈 앞에 선하데이.,우리 아들이 제 생일날 조그만 손으로 편지를 써준 것이 아직도 눈앞에 선합니다.,{}
1756932115,1756932448.2283332,assistant,편지,"""아드님의 정성 어린 편지가 아직도 기억에 남으시는군요. 그때 어떤 기분이 드셨나요?""","""아드님의 정성 어린 편지가 아직도 기억에 남으시는군요. 그때 어떤 기분이 드셨나요?""",{}
1756932115,1756932448.558233,assistant,산책,‘산책’ 하면 떠오르는 장면이나 느낌이 있으세요?,‘산책’ 하면 떠오르는 장면이나 느낌이 있으세요?,{}
1756932115,1756932624.4863732,user,산책,"밤에 한강변 따라 산책했는데, 야경이 참말로 이뻤던 기억이 난다카이.","밤에 한강변을 따라 산책했는데, 야경이 정말로 아름다웠던 기억이 납니다.",{}
1756932115,1756932626.683888,assistant,산책,사용자님께서 산책하면서 아름다운 야경을 보셨군요. 정말 기억에 남았겠어요. 산책할 때 주로 어떤 경로를 가시나요?,사용자님께서 산책하면서 아름다운 야경을 보셨군요. 정말 기억에 남았겠어요. 산책할 때 주로 어떤 경로를 가시나요?,{}
1756932115,1756932627.0641932,assistant,산책,‘산책’와 관련해서 최근에 있었던 일 하나만 이야기해 주실래요?,‘산책’와 관련해서 최근에 있었던 일 하나만 이야기해 주실래요?,{}
1756932115,1756933007.935897,user,산책,"산책하다가 귀여운 오리 떼를 봤는기라, 기분이 억수로 좋았심더.",표준어로 자연스럽게 바꾼 문장,{}
1756932115,1756933008.864204,assistant,산책,"사용자: 표준어로 자연스럽게 바꾼 문장  
시스템: 문장을 바꾸시느라 고민이 많으셨겠어요. 어떤 문장을 바꾸고 계셨나요?","사용자: 표준어로 자연스럽게 바꾼 문장  
시스템: 문장을 바꾸시느라 고민이 많으셨겠어요. 어떤 문장을 바꾸고 계셨나요?",{}
1756932115,1756933009.2237663,assistant,산책,‘산책’이(가) 요즘 일상에 어떤 영향을 주고 있나요?,‘산책’이(가) 요즘 일상에 어떤 영향을 주고 있나요?,{}
1756932115,1756933055.6502337,user,산책,"산책하믄 더 건강해지고 기분도 좋아지는 거 같아가, 산책을 더 자주 하려고 카이 ㅎㅎ","산책하면 더 건강해지고 기분도 좋아지는 것 같아서, 산책을 더 자주 하려고 합니다. ㅎㅎ",{}
1756932115,1756933056.8497062,assistant,산책,산책을 자주 하려고 하시는군요. 산책을 하면 어떤 점이 가장 좋으신가요?,산책을 자주 하려고 하시는군요. 산책을 하면 어떤 점이 가장 좋으신가요?,{}
